<?xml version="1.0" encoding="UTF-8"?>
<vivadoHLSLog:LogRoot xmlns:vivadoHLSLog="www.xilinx.com/vivadoHLSLog">
  <errorLogs>
    <logs>
      <synLog/>
      <simLog/>
      <mgLog/>
      <packageLog/>
      <csimLog/>
    </logs>
  </errorLogs>
  <warningLogs>
    <logs>
      <synLog>
        <logs message="WARNING: [RTGEN 206-101] Design contains AXI ports. Reset is fixed to synchronous and active low." projectName="Vector_Addition" solutionName="solution1" date="2022-03-04T12:56:26.487-0800" type="Warning"/>
        <logs message="WARNING: [RTGEN 206-101] Setting dangling out port 'vector_add_Pipeline_VITIS_LOOP_27_3/m_axi_DATA3_BREADY' to 0." projectName="Vector_Addition" solutionName="solution1" date="2022-03-04T12:56:26.188-0800" type="Warning"/>
        <logs message="WARNING: [RTGEN 206-101] Setting dangling out port 'vector_add_Pipeline_VITIS_LOOP_27_3/m_axi_DATA3_AWUSER' to 0." projectName="Vector_Addition" solutionName="solution1" date="2022-03-04T12:56:26.144-0800" type="Warning"/>
        <logs message="WARNING: [RTGEN 206-101] Setting dangling out port 'vector_add_Pipeline_VITIS_LOOP_27_3/m_axi_DATA3_AWREGION' to 0." projectName="Vector_Addition" solutionName="solution1" date="2022-03-04T12:56:26.098-0800" type="Warning"/>
        <logs message="WARNING: [RTGEN 206-101] Setting dangling out port 'vector_add_Pipeline_VITIS_LOOP_27_3/m_axi_DATA3_AWQOS' to 0." projectName="Vector_Addition" solutionName="solution1" date="2022-03-04T12:56:26.068-0800" type="Warning"/>
        <logs message="WARNING: [RTGEN 206-101] Setting dangling out port 'vector_add_Pipeline_VITIS_LOOP_27_3/m_axi_DATA3_AWPROT' to 0." projectName="Vector_Addition" solutionName="solution1" date="2022-03-04T12:56:26.028-0800" type="Warning"/>
        <logs message="WARNING: [RTGEN 206-101] Setting dangling out port 'vector_add_Pipeline_VITIS_LOOP_27_3/m_axi_DATA3_AWCACHE' to 0." projectName="Vector_Addition" solutionName="solution1" date="2022-03-04T12:56:25.998-0800" type="Warning"/>
        <logs message="WARNING: [RTGEN 206-101] Setting dangling out port 'vector_add_Pipeline_VITIS_LOOP_27_3/m_axi_DATA3_AWLOCK' to 0." projectName="Vector_Addition" solutionName="solution1" date="2022-03-04T12:56:25.963-0800" type="Warning"/>
        <logs message="WARNING: [RTGEN 206-101] Setting dangling out port 'vector_add_Pipeline_VITIS_LOOP_27_3/m_axi_DATA3_AWBURST' to 0." projectName="Vector_Addition" solutionName="solution1" date="2022-03-04T12:56:25.913-0800" type="Warning"/>
        <logs message="WARNING: [RTGEN 206-101] Setting dangling out port 'vector_add_Pipeline_VITIS_LOOP_27_3/m_axi_DATA3_AWSIZE' to 0." projectName="Vector_Addition" solutionName="solution1" date="2022-03-04T12:56:25.893-0800" type="Warning"/>
        <logs message="WARNING: [RTGEN 206-101] Setting dangling out port 'vector_add_Pipeline_VITIS_LOOP_27_3/m_axi_DATA3_AWLEN' to 0." projectName="Vector_Addition" solutionName="solution1" date="2022-03-04T12:56:25.848-0800" type="Warning"/>
        <logs message="WARNING: [RTGEN 206-101] Setting dangling out port 'vector_add_Pipeline_VITIS_LOOP_27_3/m_axi_DATA3_AWID' to 0." projectName="Vector_Addition" solutionName="solution1" date="2022-03-04T12:56:25.818-0800" type="Warning"/>
        <logs message="WARNING: [RTGEN 206-101] Setting dangling out port 'vector_add_Pipeline_VITIS_LOOP_27_3/m_axi_DATA3_AWADDR' to 0." projectName="Vector_Addition" solutionName="solution1" date="2022-03-04T12:56:25.798-0800" type="Warning"/>
        <logs message="WARNING: [RTGEN 206-101] Setting dangling out port 'vector_add_Pipeline_VITIS_LOOP_27_3/m_axi_DATA3_AWVALID' to 0." projectName="Vector_Addition" solutionName="solution1" date="2022-03-04T12:56:25.778-0800" type="Warning"/>
        <logs message="WARNING: [RTGEN 206-101] Setting dangling out port 'vector_add_Pipeline_VITIS_LOOP_15_1/m_axi_DATA2_ARUSER' to 0." projectName="Vector_Addition" solutionName="solution1" date="2022-03-04T12:56:25.338-0800" type="Warning"/>
        <logs message="WARNING: [RTGEN 206-101] Setting dangling out port 'vector_add_Pipeline_VITIS_LOOP_15_1/m_axi_DATA2_ARREGION' to 0." projectName="Vector_Addition" solutionName="solution1" date="2022-03-04T12:56:25.308-0800" type="Warning"/>
        <logs message="WARNING: [RTGEN 206-101] Setting dangling out port 'vector_add_Pipeline_VITIS_LOOP_15_1/m_axi_DATA2_ARQOS' to 0." projectName="Vector_Addition" solutionName="solution1" date="2022-03-04T12:56:25.268-0800" type="Warning"/>
        <logs message="WARNING: [RTGEN 206-101] Setting dangling out port 'vector_add_Pipeline_VITIS_LOOP_15_1/m_axi_DATA2_ARPROT' to 0." projectName="Vector_Addition" solutionName="solution1" date="2022-03-04T12:56:25.228-0800" type="Warning"/>
        <logs message="WARNING: [RTGEN 206-101] Setting dangling out port 'vector_add_Pipeline_VITIS_LOOP_15_1/m_axi_DATA2_ARCACHE' to 0." projectName="Vector_Addition" solutionName="solution1" date="2022-03-04T12:56:25.155-0800" type="Warning"/>
        <logs message="WARNING: [RTGEN 206-101] Setting dangling out port 'vector_add_Pipeline_VITIS_LOOP_15_1/m_axi_DATA2_ARLOCK' to 0." projectName="Vector_Addition" solutionName="solution1" date="2022-03-04T12:56:25.106-0800" type="Warning"/>
        <logs message="WARNING: [RTGEN 206-101] Setting dangling out port 'vector_add_Pipeline_VITIS_LOOP_15_1/m_axi_DATA2_ARBURST' to 0." projectName="Vector_Addition" solutionName="solution1" date="2022-03-04T12:56:25.057-0800" type="Warning"/>
        <logs message="WARNING: [RTGEN 206-101] Setting dangling out port 'vector_add_Pipeline_VITIS_LOOP_15_1/m_axi_DATA2_ARSIZE' to 0." projectName="Vector_Addition" solutionName="solution1" date="2022-03-04T12:56:25.027-0800" type="Warning"/>
        <logs message="WARNING: [RTGEN 206-101] Setting dangling out port 'vector_add_Pipeline_VITIS_LOOP_15_1/m_axi_DATA2_ARLEN' to 0." projectName="Vector_Addition" solutionName="solution1" date="2022-03-04T12:56:24.997-0800" type="Warning"/>
        <logs message="WARNING: [RTGEN 206-101] Setting dangling out port 'vector_add_Pipeline_VITIS_LOOP_15_1/m_axi_DATA2_ARID' to 0." projectName="Vector_Addition" solutionName="solution1" date="2022-03-04T12:56:24.957-0800" type="Warning"/>
        <logs message="WARNING: [RTGEN 206-101] Setting dangling out port 'vector_add_Pipeline_VITIS_LOOP_15_1/m_axi_DATA2_ARADDR' to 0." projectName="Vector_Addition" solutionName="solution1" date="2022-03-04T12:56:24.910-0800" type="Warning"/>
        <logs message="WARNING: [RTGEN 206-101] Setting dangling out port 'vector_add_Pipeline_VITIS_LOOP_15_1/m_axi_DATA2_ARVALID' to 0." projectName="Vector_Addition" solutionName="solution1" date="2022-03-04T12:56:24.880-0800" type="Warning"/>
        <logs message="WARNING: [RTGEN 206-101] Setting dangling out port 'vector_add_Pipeline_VITIS_LOOP_15_1/m_axi_DATA1_ARUSER' to 0." projectName="Vector_Addition" solutionName="solution1" date="2022-03-04T12:56:24.850-0800" type="Warning"/>
        <logs message="WARNING: [RTGEN 206-101] Setting dangling out port 'vector_add_Pipeline_VITIS_LOOP_15_1/m_axi_DATA1_ARREGION' to 0." projectName="Vector_Addition" solutionName="solution1" date="2022-03-04T12:56:24.810-0800" type="Warning"/>
        <logs message="WARNING: [RTGEN 206-101] Setting dangling out port 'vector_add_Pipeline_VITIS_LOOP_15_1/m_axi_DATA1_ARQOS' to 0." projectName="Vector_Addition" solutionName="solution1" date="2022-03-04T12:56:24.774-0800" type="Warning"/>
        <logs message="WARNING: [RTGEN 206-101] Setting dangling out port 'vector_add_Pipeline_VITIS_LOOP_15_1/m_axi_DATA1_ARPROT' to 0." projectName="Vector_Addition" solutionName="solution1" date="2022-03-04T12:56:24.704-0800" type="Warning"/>
        <logs message="WARNING: [RTGEN 206-101] Setting dangling out port 'vector_add_Pipeline_VITIS_LOOP_15_1/m_axi_DATA1_ARCACHE' to 0." projectName="Vector_Addition" solutionName="solution1" date="2022-03-04T12:56:24.684-0800" type="Warning"/>
        <logs message="WARNING: [RTGEN 206-101] Setting dangling out port 'vector_add_Pipeline_VITIS_LOOP_15_1/m_axi_DATA1_ARLOCK' to 0." projectName="Vector_Addition" solutionName="solution1" date="2022-03-04T12:56:24.674-0800" type="Warning"/>
        <logs message="WARNING: [RTGEN 206-101] Setting dangling out port 'vector_add_Pipeline_VITIS_LOOP_15_1/m_axi_DATA1_ARBURST' to 0." projectName="Vector_Addition" solutionName="solution1" date="2022-03-04T12:56:24.634-0800" type="Warning"/>
        <logs message="WARNING: [RTGEN 206-101] Setting dangling out port 'vector_add_Pipeline_VITIS_LOOP_15_1/m_axi_DATA1_ARSIZE' to 0." projectName="Vector_Addition" solutionName="solution1" date="2022-03-04T12:56:24.627-0800" type="Warning"/>
        <logs message="WARNING: [RTGEN 206-101] Setting dangling out port 'vector_add_Pipeline_VITIS_LOOP_15_1/m_axi_DATA1_ARLEN' to 0." projectName="Vector_Addition" solutionName="solution1" date="2022-03-04T12:56:24.607-0800" type="Warning"/>
        <logs message="WARNING: [RTGEN 206-101] Setting dangling out port 'vector_add_Pipeline_VITIS_LOOP_15_1/m_axi_DATA1_ARID' to 0." projectName="Vector_Addition" solutionName="solution1" date="2022-03-04T12:56:24.593-0800" type="Warning"/>
        <logs message="WARNING: [RTGEN 206-101] Setting dangling out port 'vector_add_Pipeline_VITIS_LOOP_15_1/m_axi_DATA1_ARADDR' to 0." projectName="Vector_Addition" solutionName="solution1" date="2022-03-04T12:56:24.577-0800" type="Warning"/>
        <logs message="WARNING: [RTGEN 206-101] Setting dangling out port 'vector_add_Pipeline_VITIS_LOOP_15_1/m_axi_DATA1_ARVALID' to 0." projectName="Vector_Addition" solutionName="solution1" date="2022-03-04T12:56:24.567-0800" type="Warning"/>
        <logs message="WARNING: [HLS 207-5528] Ignore interface attribute or pragma which is not used in top function: Vector_Addition/vector_add.c:8:9" projectName="Vector_Addition" solutionName="solution1" date="2022-03-04T12:56:17.795-0800" type="Warning"/>
      </synLog>
      <simLog/>
      <mgLog/>
      <packageLog/>
      <csimLog/>
    </logs>
  </warningLogs>
</vivadoHLSLog:LogRoot>
