<InterfaceSummary>
<RtlPorts>
<name>DATA1</name>
<CType>
<TypeName></TypeName>
<TypeWidth>0</TypeWidth>
<PhysicalWidth>32</PhysicalWidth>
</CType>
<CFractionWidth>0</CFractionWidth>
<InvalidType>0</InvalidType>
</RtlPorts>
<RtlPorts>
<name>DATA2</name>
<CType>
<TypeName></TypeName>
<TypeWidth>0</TypeWidth>
<PhysicalWidth>32</PhysicalWidth>
</CType>
<CFractionWidth>0</CFractionWidth>
<InvalidType>0</InvalidType>
</RtlPorts>
<RtlPorts>
<name>DATA3</name>
<CType>
<TypeName></TypeName>
<TypeWidth>0</TypeWidth>
<PhysicalWidth>32</PhysicalWidth>
</CType>
<CFractionWidth>0</CFractionWidth>
<InvalidType>0</InvalidType>
</RtlPorts>
</InterfaceSummary>

