<profile>

<section name = "Vitis HLS Report for 'vector_add_Pipeline_VITIS_LOOP_15_1'" level="0">
<item name = "Date">Fri Mar  4 12:56:23 2022
</item>
<item name = "Version">2021.1 (Build 3247384 on Thu Jun 10 19:36:33 MDT 2021)</item>
<item name = "Project">Vector_Addition</item>
<item name = "Solution">solution1 (Vivado IP Flow Target)</item>
<item name = "Product family">zynq</item>
<item name = "Target device">xc7z020-clg400-1</item>
</section>

<section name = "Performance Estimates" level="0">
<item name = "Timing">
<section name = "" level="1">
<item name = "Summary"><table name="" hasTotal="0">
<keys size="4">Clock, Target, Estimated, Uncertainty</keys>
<column name="ap_clk">10.00 ns, 7.300 ns, 2.70 ns</column>
</table>
</item>
</section>
</item>
<item name = "Latency">
<section name = "" level="1">
<item name = "Summary"><table name="" hasTotal="0">
<keys size="8">, min, max, min, max, min, max, Type</keys>
<column name="">1027, 1027, 10.270 us, 10.270 us, 1027, 1027, no</column>
</table>
</item>
<item name = "Detail">
<section name = "" level="1">
<item name = "Instance"><table name="" hasTotal="0">
<keys size="9">Instance, Module, min, max, min, max, min, max, Type</keys>
</table>
</item>
<item name = "Loop"><table name="" hasTotal="0">
<keys size="8">Loop Name, min, max, Latency, achieved, target, Count, Pipelined</keys>
<column name="- VITIS_LOOP_15_1">1025, 1025, 3, 1, 1, 1024, yes</column>
</table>
</item>
</section>
</item>
</section>
</item>
</section>
</profile>
