<stg><name>vector_add_Pipeline_VITIS_LOOP_15_1</name>


<trans_list>

<trans id="44" from="1" to="2">
<condition id="-1">
<or_exp><and_exp></and_exp></or_exp>
</condition>
</trans>

<trans id="47" from="2" to="3">
<condition id="-1">
<or_exp><and_exp></and_exp></or_exp>
</condition>
</trans>
</trans_list>



<state_list>

<state id="1" st_id="2">

<operation id="6" st_id="1" stage="1" lat="1">
<core>NULL</core>
<MemPortIdVec></MemPortIdVec>
<condition id="-1">
<or_exp><and_exp></and_exp></or_exp>
</condition>

<Node id="8" bw="11" op_0_bw="32">
<![CDATA[
newFuncRoot:0 %i = alloca i32 1

]]></Node>
<StgValue><ssdm name="i"/></StgValue>
</operation>

<operation id="7" st_id="1" stage="1" lat="1">
<core>NULL</core>
<MemPortIdVec></MemPortIdVec>
<condition id="-1">
<or_exp><and_exp></and_exp></or_exp>
</condition>

<Node id="9" bw="62" op_0_bw="62" op_1_bw="62">
<![CDATA[
newFuncRoot:1 %sext_ln15_read = read i62 @_ssdm_op_Read.ap_auto.i62, i62 %sext_ln15

]]></Node>
<StgValue><ssdm name="sext_ln15_read"/></StgValue>
</operation>

<operation id="8" st_id="1" stage="1" lat="1">
<core>NULL</core>
<MemPortIdVec></MemPortIdVec>
<condition id="-1">
<or_exp><and_exp></and_exp></or_exp>
</condition>

<Node id="10" bw="62" op_0_bw="62" op_1_bw="62">
<![CDATA[
newFuncRoot:2 %sext_ln15_1_read = read i62 @_ssdm_op_Read.ap_auto.i62, i62 %sext_ln15_1

]]></Node>
<StgValue><ssdm name="sext_ln15_1_read"/></StgValue>
</operation>

<operation id="9" st_id="1" stage="1" lat="1">
<core>NULL</core>
<MemPortIdVec></MemPortIdVec>
<condition id="-1">
<or_exp><and_exp></and_exp></or_exp>
</condition>

<Node id="11" bw="64" op_0_bw="62">
<![CDATA[
newFuncRoot:3 %sext_ln15_cast = sext i62 %sext_ln15_read

]]></Node>
<StgValue><ssdm name="sext_ln15_cast"/></StgValue>
</operation>

<operation id="10" st_id="1" stage="1" lat="1">
<core>NULL</core>
<MemPortIdVec></MemPortIdVec>
<condition id="-1">
<or_exp><and_exp></and_exp></or_exp>
</condition>

<Node id="12" bw="64" op_0_bw="62">
<![CDATA[
newFuncRoot:4 %sext_ln15_1_cast = sext i62 %sext_ln15_1_read

]]></Node>
<StgValue><ssdm name="sext_ln15_1_cast"/></StgValue>
</operation>

<operation id="11" st_id="1" stage="1" lat="1">
<core>NULL</core>
<MemPortIdVec></MemPortIdVec>
<condition id="-1">
<or_exp><and_exp></and_exp></or_exp>
</condition>

<Node id="13" bw="0" op_0_bw="0" op_1_bw="32" op_2_bw="0" op_3_bw="32" op_4_bw="32" op_5_bw="0" op_6_bw="32" op_7_bw="32" op_8_bw="0" op_9_bw="0" op_10_bw="0" op_11_bw="32" op_12_bw="32" op_13_bw="32" op_14_bw="32" op_15_bw="0" op_16_bw="0">
<![CDATA[
newFuncRoot:5 %specinterface_ln0 = specinterface void @_ssdm_op_SpecInterface, i32 %DATA2, void @empty, i32 0, i32 0, void @empty_0, i32 0, i32 0, void @empty_3, void @empty_2, void @empty_0, i32 16, i32 16, i32 16, i32 16, void @empty_0, void @empty_0

]]></Node>
<StgValue><ssdm name="specinterface_ln0"/></StgValue>
</operation>

<operation id="12" st_id="1" stage="1" lat="1">
<core>NULL</core>
<MemPortIdVec></MemPortIdVec>
<condition id="-1">
<or_exp><and_exp></and_exp></or_exp>
</condition>

<Node id="14" bw="0" op_0_bw="0" op_1_bw="32" op_2_bw="0" op_3_bw="32" op_4_bw="32" op_5_bw="0" op_6_bw="32" op_7_bw="32" op_8_bw="0" op_9_bw="0" op_10_bw="0" op_11_bw="32" op_12_bw="32" op_13_bw="32" op_14_bw="32" op_15_bw="0" op_16_bw="0">
<![CDATA[
newFuncRoot:6 %specinterface_ln0 = specinterface void @_ssdm_op_SpecInterface, i32 %DATA1, void @empty, i32 0, i32 0, void @empty_0, i32 0, i32 0, void @empty_1, void @empty_2, void @empty_0, i32 16, i32 16, i32 16, i32 16, void @empty_0, void @empty_0

]]></Node>
<StgValue><ssdm name="specinterface_ln0"/></StgValue>
</operation>

<operation id="13" st_id="1" stage="1" lat="1">
<core>NULL</core>
<MemPortIdVec></MemPortIdVec>
<condition id="-1">
<or_exp><and_exp></and_exp></or_exp>
</condition>

<Node id="15" bw="0" op_0_bw="11" op_1_bw="11">
<![CDATA[
newFuncRoot:7 %store_ln0 = store i11 0, i11 %i

]]></Node>
<StgValue><ssdm name="store_ln0"/></StgValue>
</operation>

<operation id="14" st_id="1" stage="1" lat="1">
<core>NULL</core>
<MemPortIdVec></MemPortIdVec>
<condition id="-1">
<or_exp><and_exp></and_exp></or_exp>
</condition>

<Node id="16" bw="0" op_0_bw="0">
<![CDATA[
newFuncRoot:8 %br_ln0 = br void

]]></Node>
<StgValue><ssdm name="br_ln0"/></StgValue>
</operation>

<operation id="15" st_id="1" stage="1" lat="1">
<core>NULL</core>
<MemPortIdVec></MemPortIdVec>
<condition id="-1">
<or_exp><and_exp></and_exp></or_exp>
</condition>

<Node id="18" bw="11" op_0_bw="11" op_1_bw="0">
<![CDATA[
:0 %i_2 = load i11 %i

]]></Node>
<StgValue><ssdm name="i_2"/></StgValue>
</operation>

<operation id="16" st_id="1" stage="1" lat="1">
<core>Cmp</core>
<MemPortIdVec></MemPortIdVec>
<condition id="-1">
<or_exp><and_exp></and_exp></or_exp>
</condition>

<Node id="22" bw="1" op_0_bw="11" op_1_bw="11">
<![CDATA[
:4 %icmp_ln15 = icmp_eq  i11 %i_2, i11 1024

]]></Node>
<StgValue><ssdm name="icmp_ln15"/></StgValue>
</operation>

<operation id="17" st_id="1" stage="1" lat="1">
<core>Adder</core>
<MemPortIdVec></MemPortIdVec>
<condition id="-1">
<or_exp><and_exp></and_exp></or_exp>
</condition>

<Node id="24" bw="11" op_0_bw="11" op_1_bw="11">
<![CDATA[
:6 %add_ln15 = add i11 %i_2, i11 1

]]></Node>
<StgValue><ssdm name="add_ln15"/></StgValue>
</operation>

<operation id="18" st_id="1" stage="1" lat="1">
<core>NULL</core>
<MemPortIdVec></MemPortIdVec>
<condition id="-1">
<or_exp><and_exp></and_exp></or_exp>
</condition>

<Node id="25" bw="0" op_0_bw="1" op_1_bw="0" op_2_bw="0">
<![CDATA[
:7 %br_ln15 = br i1 %icmp_ln15, void %.split6, void %.preheader.preheader.exitStub

]]></Node>
<StgValue><ssdm name="br_ln15"/></StgValue>
</operation>

<operation id="19" st_id="1" stage="1" lat="1">
<core>NULL</core>
<MemPortIdVec></MemPortIdVec>
<condition id="-1">
<or_exp><and_exp><literal name="icmp_ln15" val="0"/>
</and_exp></or_exp>
</condition>

<Node id="27" bw="64" op_0_bw="11">
<![CDATA[
.split6:0 %i_cast = zext i11 %i_2

]]></Node>
<StgValue><ssdm name="i_cast"/></StgValue>
</operation>

<operation id="20" st_id="1" stage="1" lat="1">
<core>NULL</core>
<MemPortIdVec></MemPortIdVec>
<condition id="-1">
<or_exp><and_exp><literal name="icmp_ln15" val="0"/>
</and_exp></or_exp>
</condition>

<Node id="35" bw="10" op_0_bw="32" op_1_bw="64" op_2_bw="64">
<![CDATA[
.split6:8 %arrayC_addr = getelementptr i32 %arrayC, i64 0, i64 %i_cast

]]></Node>
<StgValue><ssdm name="arrayC_addr"/></StgValue>
</operation>

<operation id="21" st_id="1" stage="1" lat="1">
<core>RAM</core>
<MemPortIdVec>0 </MemPortIdVec>
<condition id="-1">
<or_exp><and_exp><literal name="icmp_ln15" val="0"/>
</and_exp></or_exp>
</condition>

<Node id="36" bw="0" op_0_bw="32" op_1_bw="10">
<![CDATA[
.split6:9 %store_ln19 = store i32 0, i10 %arrayC_addr

]]></Node>
<StgValue><ssdm name="store_ln19"/></StgValue>
</operation>

<operation id="22" st_id="1" stage="1" lat="1">
<core>NULL</core>
<MemPortIdVec></MemPortIdVec>
<condition id="-1">
<or_exp><and_exp><literal name="icmp_ln15" val="0"/>
</and_exp></or_exp>
</condition>

<Node id="37" bw="0" op_0_bw="11" op_1_bw="11" op_2_bw="0" op_3_bw="0">
<![CDATA[
.split6:10 %store_ln15 = store i11 %add_ln15, i11 %i

]]></Node>
<StgValue><ssdm name="store_ln15"/></StgValue>
</operation>
</state>

<state id="2" st_id="3">

<operation id="23" st_id="2" stage="1" lat="1">
<core>NULL</core>
<MemPortIdVec></MemPortIdVec>
<condition id="-1">
<or_exp><and_exp></and_exp></or_exp>
</condition>

<Node id="19" bw="64" op_0_bw="64" op_1_bw="64">
<![CDATA[
:1 %DATA2_addr = getelementptr i32 %DATA2, i64 %sext_ln15_1_cast

]]></Node>
<StgValue><ssdm name="DATA2_addr"/></StgValue>
</operation>

<operation id="24" st_id="2" stage="1" lat="1">
<core>NULL</core>
<MemPortIdVec></MemPortIdVec>
<condition id="-1">
<or_exp><and_exp></and_exp></or_exp>
</condition>

<Node id="20" bw="64" op_0_bw="64" op_1_bw="64">
<![CDATA[
:2 %DATA1_addr = getelementptr i32 %DATA1, i64 %sext_ln15_cast

]]></Node>
<StgValue><ssdm name="DATA1_addr"/></StgValue>
</operation>

<operation id="25" st_id="2" stage="1" lat="1">
<core>NULL</core>
<MemPortIdVec></MemPortIdVec>
<condition id="-1">
<or_exp><and_exp></and_exp></or_exp>
</condition>

<Node id="21" bw="0" op_0_bw="0" op_1_bw="32" op_2_bw="32" op_3_bw="32" op_4_bw="32" op_5_bw="0">
<![CDATA[
:3 %specpipeline_ln0 = specpipeline void @_ssdm_op_SpecPipeline, i32 4294967295, i32 0, i32 1, i32 0, void @p_str

]]></Node>
<StgValue><ssdm name="specpipeline_ln0"/></StgValue>
</operation>

<operation id="26" st_id="2" stage="1" lat="1">
<core>NULL</core>
<MemPortIdVec></MemPortIdVec>
<condition id="-1">
<or_exp><and_exp></and_exp></or_exp>
</condition>

<Node id="23" bw="32" op_0_bw="32" op_1_bw="64" op_2_bw="64" op_3_bw="64">
<![CDATA[
:5 %empty = speclooptripcount i32 @_ssdm_op_SpecLoopTripCount, i64 1024, i64 1024, i64 1024

]]></Node>
<StgValue><ssdm name="empty"/></StgValue>
</operation>

<operation id="27" st_id="2" stage="1" lat="1">
<core>m_axi</core>
<MemPortIdVec></MemPortIdVec>
<condition id="-1">
<or_exp><and_exp><literal name="icmp_ln15" val="0"/>
</and_exp></or_exp>
</condition>

<Node id="29" bw="32" op_0_bw="32" op_1_bw="32">
<![CDATA[
.split6:2 %DATA1_addr_read = read i32 @_ssdm_op_Read.m_axi.p1i32, i64 %DATA1_addr

]]></Node>
<StgValue><ssdm name="DATA1_addr_read"/></StgValue>
</operation>

<operation id="28" st_id="2" stage="1" lat="1">
<core>m_axi</core>
<MemPortIdVec></MemPortIdVec>
<condition id="-1">
<or_exp><and_exp><literal name="icmp_ln15" val="0"/>
</and_exp></or_exp>
</condition>

<Node id="32" bw="32" op_0_bw="32" op_1_bw="32">
<![CDATA[
.split6:5 %DATA2_addr_read = read i32 @_ssdm_op_Read.m_axi.p1i32, i64 %DATA2_addr

]]></Node>
<StgValue><ssdm name="DATA2_addr_read"/></StgValue>
</operation>

<operation id="35" st_id="2" stage="1" lat="1">
<core>NULL</core>
<MemPortIdVec></MemPortIdVec>
<condition id="-1">
<or_exp><and_exp><literal name="icmp_ln15" val="1"/>
</and_exp></or_exp>
</condition>

<Node id="40" bw="0">
<![CDATA[
.preheader.preheader.exitStub:0 %ret_ln0 = ret

]]></Node>
<StgValue><ssdm name="ret_ln0"/></StgValue>
</operation>
</state>

<state id="3" st_id="4">

<operation id="29" st_id="3" stage="1" lat="1">
<core>NULL</core>
<MemPortIdVec></MemPortIdVec>
<condition id="-1">
<or_exp><and_exp></and_exp></or_exp>
</condition>

<Node id="28" bw="0" op_0_bw="0" op_1_bw="0">
<![CDATA[
.split6:1 %specloopname_ln10 = specloopname void @_ssdm_op_SpecLoopName, void @empty_16

]]></Node>
<StgValue><ssdm name="specloopname_ln10"/></StgValue>
</operation>

<operation id="30" st_id="3" stage="1" lat="1">
<core>NULL</core>
<MemPortIdVec></MemPortIdVec>
<condition id="-1">
<or_exp><and_exp></and_exp></or_exp>
</condition>

<Node id="30" bw="10" op_0_bw="32" op_1_bw="64" op_2_bw="64">
<![CDATA[
.split6:3 %arrayA_addr = getelementptr i32 %arrayA, i64 0, i64 %i_cast

]]></Node>
<StgValue><ssdm name="arrayA_addr"/></StgValue>
</operation>

<operation id="31" st_id="3" stage="1" lat="1">
<core>RAM</core>
<MemPortIdVec>0 </MemPortIdVec>
<condition id="-1">
<or_exp><and_exp></and_exp></or_exp>
</condition>

<Node id="31" bw="0" op_0_bw="32" op_1_bw="10">
<![CDATA[
.split6:4 %store_ln17 = store i32 %DATA1_addr_read, i10 %arrayA_addr

]]></Node>
<StgValue><ssdm name="store_ln17"/></StgValue>
</operation>

<operation id="32" st_id="3" stage="1" lat="1">
<core>NULL</core>
<MemPortIdVec></MemPortIdVec>
<condition id="-1">
<or_exp><and_exp></and_exp></or_exp>
</condition>

<Node id="33" bw="10" op_0_bw="32" op_1_bw="64" op_2_bw="64">
<![CDATA[
.split6:6 %arrayB_addr = getelementptr i32 %arrayB, i64 0, i64 %i_cast

]]></Node>
<StgValue><ssdm name="arrayB_addr"/></StgValue>
</operation>

<operation id="33" st_id="3" stage="1" lat="1">
<core>RAM</core>
<MemPortIdVec>0 </MemPortIdVec>
<condition id="-1">
<or_exp><and_exp></and_exp></or_exp>
</condition>

<Node id="34" bw="0" op_0_bw="32" op_1_bw="10">
<![CDATA[
.split6:7 %store_ln18 = store i32 %DATA2_addr_read, i10 %arrayB_addr

]]></Node>
<StgValue><ssdm name="store_ln18"/></StgValue>
</operation>

<operation id="34" st_id="3" stage="1" lat="1">
<core>NULL</core>
<MemPortIdVec></MemPortIdVec>
<condition id="-1">
<or_exp><and_exp></and_exp></or_exp>
</condition>

<Node id="38" bw="0" op_0_bw="0">
<![CDATA[
.split6:11 %br_ln0 = br void

]]></Node>
<StgValue><ssdm name="br_ln0"/></StgValue>
</operation>
</state>
</state_list>


<ports>
<port id="48" name="DATA2" dir="0" iftype="4">
<core>NULL</core><StgValue><ssdm name="DATA2"/></StgValue>
</port>
<port id="49" name="sext_ln15_1" dir="0" iftype="0">
<core>NULL</core><StgValue><ssdm name="sext_ln15_1"/></StgValue>
</port>
<port id="50" name="DATA1" dir="0" iftype="4">
<core>NULL</core><StgValue><ssdm name="DATA1"/></StgValue>
</port>
<port id="51" name="sext_ln15" dir="0" iftype="0">
<core>NULL</core><StgValue><ssdm name="sext_ln15"/></StgValue>
</port>
<port id="52" name="arrayA" dir="1" iftype="1">
<core>RAM</core><StgValue><ssdm name="arrayA"/><MemPortTyVec>0 3 </MemPortTyVec>
</StgValue>
</port>
<port id="53" name="arrayB" dir="1" iftype="1">
<core>RAM</core><StgValue><ssdm name="arrayB"/><MemPortTyVec>0 3 </MemPortTyVec>
</StgValue>
</port>
<port id="54" name="arrayC" dir="1" iftype="1">
<core>RAM</core><StgValue><ssdm name="arrayC"/><MemPortTyVec>0 3 </MemPortTyVec>
</StgValue>
</port>
</ports>


<dataflows>
<dataflow id="56" from="StgValue_55" to="i" fromId="55" toId="6">
</dataflow>
<dataflow id="58" from="_ssdm_op_Read.ap_auto.i62" to="sext_ln15_read" fromId="57" toId="7">
</dataflow>
<dataflow id="59" from="sext_ln15" to="sext_ln15_read" fromId="51" toId="7">
</dataflow>
<dataflow id="60" from="_ssdm_op_Read.ap_auto.i62" to="sext_ln15_1_read" fromId="57" toId="8">
</dataflow>
<dataflow id="61" from="sext_ln15_1" to="sext_ln15_1_read" fromId="49" toId="8">
</dataflow>
<dataflow id="62" from="sext_ln15_read" to="sext_ln15_cast" fromId="7" toId="9">
</dataflow>
<dataflow id="63" from="sext_ln15_1_read" to="sext_ln15_1_cast" fromId="8" toId="10">
</dataflow>
<dataflow id="65" from="_ssdm_op_SpecInterface" to="specinterface_ln0" fromId="64" toId="11">
</dataflow>
<dataflow id="66" from="DATA2" to="specinterface_ln0" fromId="48" toId="11">
</dataflow>
<dataflow id="68" from="empty" to="specinterface_ln0" fromId="67" toId="11">
</dataflow>
<dataflow id="70" from="StgValue_69" to="specinterface_ln0" fromId="69" toId="11">
</dataflow>
<dataflow id="71" from="StgValue_69" to="specinterface_ln0" fromId="69" toId="11">
</dataflow>
<dataflow id="73" from="empty_0" to="specinterface_ln0" fromId="72" toId="11">
</dataflow>
<dataflow id="74" from="StgValue_69" to="specinterface_ln0" fromId="69" toId="11">
</dataflow>
<dataflow id="75" from="StgValue_69" to="specinterface_ln0" fromId="69" toId="11">
</dataflow>
<dataflow id="77" from="empty_3" to="specinterface_ln0" fromId="76" toId="11">
</dataflow>
<dataflow id="79" from="empty_2" to="specinterface_ln0" fromId="78" toId="11">
</dataflow>
<dataflow id="80" from="empty_0" to="specinterface_ln0" fromId="72" toId="11">
</dataflow>
<dataflow id="82" from="StgValue_81" to="specinterface_ln0" fromId="81" toId="11">
</dataflow>
<dataflow id="83" from="StgValue_81" to="specinterface_ln0" fromId="81" toId="11">
</dataflow>
<dataflow id="84" from="StgValue_81" to="specinterface_ln0" fromId="81" toId="11">
</dataflow>
<dataflow id="85" from="StgValue_81" to="specinterface_ln0" fromId="81" toId="11">
</dataflow>
<dataflow id="86" from="empty_0" to="specinterface_ln0" fromId="72" toId="11">
</dataflow>
<dataflow id="87" from="empty_0" to="specinterface_ln0" fromId="72" toId="11">
</dataflow>
<dataflow id="88" from="_ssdm_op_SpecInterface" to="specinterface_ln0" fromId="64" toId="12">
</dataflow>
<dataflow id="89" from="DATA1" to="specinterface_ln0" fromId="50" toId="12">
</dataflow>
<dataflow id="90" from="empty" to="specinterface_ln0" fromId="67" toId="12">
</dataflow>
<dataflow id="91" from="StgValue_69" to="specinterface_ln0" fromId="69" toId="12">
</dataflow>
<dataflow id="92" from="StgValue_69" to="specinterface_ln0" fromId="69" toId="12">
</dataflow>
<dataflow id="93" from="empty_0" to="specinterface_ln0" fromId="72" toId="12">
</dataflow>
<dataflow id="94" from="StgValue_69" to="specinterface_ln0" fromId="69" toId="12">
</dataflow>
<dataflow id="95" from="StgValue_69" to="specinterface_ln0" fromId="69" toId="12">
</dataflow>
<dataflow id="97" from="empty_1" to="specinterface_ln0" fromId="96" toId="12">
</dataflow>
<dataflow id="98" from="empty_2" to="specinterface_ln0" fromId="78" toId="12">
</dataflow>
<dataflow id="99" from="empty_0" to="specinterface_ln0" fromId="72" toId="12">
</dataflow>
<dataflow id="100" from="StgValue_81" to="specinterface_ln0" fromId="81" toId="12">
</dataflow>
<dataflow id="101" from="StgValue_81" to="specinterface_ln0" fromId="81" toId="12">
</dataflow>
<dataflow id="102" from="StgValue_81" to="specinterface_ln0" fromId="81" toId="12">
</dataflow>
<dataflow id="103" from="StgValue_81" to="specinterface_ln0" fromId="81" toId="12">
</dataflow>
<dataflow id="104" from="empty_0" to="specinterface_ln0" fromId="72" toId="12">
</dataflow>
<dataflow id="105" from="empty_0" to="specinterface_ln0" fromId="72" toId="12">
</dataflow>
<dataflow id="107" from="StgValue_106" to="store_ln0" fromId="106" toId="13">
</dataflow>
<dataflow id="108" from="i" to="store_ln0" fromId="6" toId="13">
</dataflow>
<dataflow id="109" from="i" to="i_2" fromId="6" toId="15">
</dataflow>
<dataflow id="110" from="i_2" to="icmp_ln15" fromId="15" toId="16">
</dataflow>
<dataflow id="112" from="StgValue_111" to="icmp_ln15" fromId="111" toId="16">
</dataflow>
<dataflow id="113" from="i_2" to="add_ln15" fromId="15" toId="17">
</dataflow>
<dataflow id="115" from="StgValue_114" to="add_ln15" fromId="114" toId="17">
</dataflow>
<dataflow id="116" from="icmp_ln15" to="br_ln15" fromId="16" toId="18">
</dataflow>
<dataflow id="117" from="i_2" to="i_cast" fromId="15" toId="19">
</dataflow>
<dataflow id="118" from="arrayC" to="arrayC_addr" fromId="54" toId="20">
</dataflow>
<dataflow id="120" from="StgValue_119" to="arrayC_addr" fromId="119" toId="20">
</dataflow>
<dataflow id="121" from="i_cast" to="arrayC_addr" fromId="19" toId="20">
</dataflow>
<dataflow id="122" from="StgValue_69" to="store_ln19" fromId="69" toId="21">
</dataflow>
<dataflow id="123" from="arrayC_addr" to="store_ln19" fromId="20" toId="21">
</dataflow>
<dataflow id="124" from="add_ln15" to="store_ln15" fromId="17" toId="22">
</dataflow>
<dataflow id="125" from="i" to="store_ln15" fromId="6" toId="22">
</dataflow>
<dataflow id="126" from="DATA2" to="DATA2_addr" fromId="48" toId="23">
</dataflow>
<dataflow id="127" from="sext_ln15_1_cast" to="DATA2_addr" fromId="10" toId="23">
</dataflow>
<dataflow id="128" from="DATA1" to="DATA1_addr" fromId="50" toId="24">
</dataflow>
<dataflow id="129" from="sext_ln15_cast" to="DATA1_addr" fromId="9" toId="24">
</dataflow>
<dataflow id="131" from="_ssdm_op_SpecPipeline" to="specpipeline_ln0" fromId="130" toId="25">
</dataflow>
<dataflow id="133" from="StgValue_132" to="specpipeline_ln0" fromId="132" toId="25">
</dataflow>
<dataflow id="134" from="StgValue_69" to="specpipeline_ln0" fromId="69" toId="25">
</dataflow>
<dataflow id="135" from="StgValue_55" to="specpipeline_ln0" fromId="55" toId="25">
</dataflow>
<dataflow id="136" from="StgValue_69" to="specpipeline_ln0" fromId="69" toId="25">
</dataflow>
<dataflow id="138" from="p_str" to="specpipeline_ln0" fromId="137" toId="25">
</dataflow>
<dataflow id="140" from="_ssdm_op_SpecLoopTripCount" to="empty" fromId="139" toId="26">
</dataflow>
<dataflow id="142" from="StgValue_141" to="empty" fromId="141" toId="26">
</dataflow>
<dataflow id="143" from="StgValue_141" to="empty" fromId="141" toId="26">
</dataflow>
<dataflow id="144" from="StgValue_141" to="empty" fromId="141" toId="26">
</dataflow>
<dataflow id="146" from="_ssdm_op_Read.m_axi.p1i32" to="DATA1_addr_read" fromId="145" toId="27">
</dataflow>
<dataflow id="147" from="DATA1_addr" to="DATA1_addr_read" fromId="24" toId="27">
</dataflow>
<dataflow id="148" from="_ssdm_op_Read.m_axi.p1i32" to="DATA2_addr_read" fromId="145" toId="28">
</dataflow>
<dataflow id="149" from="DATA2_addr" to="DATA2_addr_read" fromId="23" toId="28">
</dataflow>
<dataflow id="151" from="_ssdm_op_SpecLoopName" to="specloopname_ln10" fromId="150" toId="29">
</dataflow>
<dataflow id="153" from="empty_16" to="specloopname_ln10" fromId="152" toId="29">
</dataflow>
<dataflow id="154" from="arrayA" to="arrayA_addr" fromId="52" toId="30">
</dataflow>
<dataflow id="155" from="StgValue_119" to="arrayA_addr" fromId="119" toId="30">
</dataflow>
<dataflow id="156" from="i_cast" to="arrayA_addr" fromId="19" toId="30">
</dataflow>
<dataflow id="157" from="DATA1_addr_read" to="store_ln17" fromId="27" toId="31">
</dataflow>
<dataflow id="158" from="arrayA_addr" to="store_ln17" fromId="30" toId="31">
</dataflow>
<dataflow id="159" from="arrayB" to="arrayB_addr" fromId="53" toId="32">
</dataflow>
<dataflow id="160" from="StgValue_119" to="arrayB_addr" fromId="119" toId="32">
</dataflow>
<dataflow id="161" from="i_cast" to="arrayB_addr" fromId="19" toId="32">
</dataflow>
<dataflow id="162" from="DATA2_addr_read" to="store_ln18" fromId="28" toId="33">
</dataflow>
<dataflow id="163" from="arrayB_addr" to="store_ln18" fromId="32" toId="33">
</dataflow>
<dataflow id="164" from="icmp_ln15" to="StgValue_2" fromId="16" toId="2">
</dataflow>
<dataflow id="165" from="icmp_ln15" to="StgValue_3" fromId="16" toId="3">
</dataflow>
</dataflows>


</stg>
