<stg><name>vector_add</name>


<trans_list>

<trans id="77" from="1" to="2">
<condition id="-1">
<or_exp><and_exp></and_exp></or_exp>
</condition>
</trans>

<trans id="78" from="2" to="3">
<condition id="-1">
<or_exp><and_exp></and_exp></or_exp>
</condition>
</trans>

<trans id="79" from="3" to="4">
<condition id="-1">
<or_exp><and_exp></and_exp></or_exp>
</condition>
</trans>

<trans id="80" from="4" to="5">
<condition id="-1">
<or_exp><and_exp></and_exp></or_exp>
</condition>
</trans>

<trans id="81" from="5" to="6">
<condition id="-1">
<or_exp><and_exp></and_exp></or_exp>
</condition>
</trans>

<trans id="82" from="6" to="7">
<condition id="-1">
<or_exp><and_exp></and_exp></or_exp>
</condition>
</trans>

<trans id="83" from="7" to="8">
<condition id="-1">
<or_exp><and_exp></and_exp></or_exp>
</condition>
</trans>

<trans id="84" from="8" to="9">
<condition id="-1">
<or_exp><and_exp></and_exp></or_exp>
</condition>
</trans>

<trans id="85" from="9" to="10">
<condition id="-1">
<or_exp><and_exp></and_exp></or_exp>
</condition>
</trans>

<trans id="86" from="10" to="11">
<condition id="-1">
<or_exp><and_exp></and_exp></or_exp>
</condition>
</trans>

<trans id="87" from="11" to="12">
<condition id="-1">
<or_exp><and_exp></and_exp></or_exp>
</condition>
</trans>

<trans id="88" from="12" to="13">
<condition id="-1">
<or_exp><and_exp></and_exp></or_exp>
</condition>
</trans>

<trans id="89" from="13" to="14">
<condition id="-1">
<or_exp><and_exp></and_exp></or_exp>
</condition>
</trans>

<trans id="90" from="14" to="15">
<condition id="-1">
<or_exp><and_exp></and_exp></or_exp>
</condition>
</trans>

<trans id="91" from="15" to="16">
<condition id="-1">
<or_exp><and_exp></and_exp></or_exp>
</condition>
</trans>

<trans id="92" from="16" to="17">
<condition id="-1">
<or_exp><and_exp></and_exp></or_exp>
</condition>
</trans>

<trans id="93" from="17" to="18">
<condition id="-1">
<or_exp><and_exp></and_exp></or_exp>
</condition>
</trans>

<trans id="94" from="18" to="19">
<condition id="-1">
<or_exp><and_exp></and_exp></or_exp>
</condition>
</trans>
</trans_list>



<state_list>

<state id="1" st_id="1">

<operation id="20" st_id="1" stage="1" lat="1">
<core>s_axilite</core>
<MemPortIdVec></MemPortIdVec>
<condition id="-1">
<or_exp><and_exp></and_exp></or_exp>
</condition>

<Node id="22" bw="64" op_0_bw="64" op_1_bw="64">
<![CDATA[
codeRepl:15 %c_read = read i64 @_ssdm_op_Read.s_axilite.i64, i64 %c

]]></Node>
<StgValue><ssdm name="c_read"/></StgValue>
</operation>

<operation id="21" st_id="1" stage="1" lat="1">
<core>s_axilite</core>
<MemPortIdVec></MemPortIdVec>
<condition id="-1">
<or_exp><and_exp></and_exp></or_exp>
</condition>

<Node id="23" bw="64" op_0_bw="64" op_1_bw="64">
<![CDATA[
codeRepl:16 %b_read = read i64 @_ssdm_op_Read.s_axilite.i64, i64 %b

]]></Node>
<StgValue><ssdm name="b_read"/></StgValue>
</operation>

<operation id="22" st_id="1" stage="1" lat="1">
<core>s_axilite</core>
<MemPortIdVec></MemPortIdVec>
<condition id="-1">
<or_exp><and_exp></and_exp></or_exp>
</condition>

<Node id="24" bw="64" op_0_bw="64" op_1_bw="64">
<![CDATA[
codeRepl:17 %a_read = read i64 @_ssdm_op_Read.s_axilite.i64, i64 %a

]]></Node>
<StgValue><ssdm name="a_read"/></StgValue>
</operation>

<operation id="23" st_id="1" stage="1" lat="1">
<core>NULL</core>
<MemPortIdVec></MemPortIdVec>
<condition id="-1">
<or_exp><and_exp></and_exp></or_exp>
</condition>

<Node id="25" bw="32" op_0_bw="64">
<![CDATA[
codeRepl:18 %arrayA = alloca i64 1

]]></Node>
<StgValue><ssdm name="arrayA"/></StgValue>
</operation>

<operation id="24" st_id="1" stage="1" lat="1">
<core>NULL</core>
<MemPortIdVec></MemPortIdVec>
<condition id="-1">
<or_exp><and_exp></and_exp></or_exp>
</condition>

<Node id="26" bw="32" op_0_bw="64">
<![CDATA[
codeRepl:19 %arrayB = alloca i64 1

]]></Node>
<StgValue><ssdm name="arrayB"/></StgValue>
</operation>

<operation id="25" st_id="1" stage="1" lat="1">
<core>NULL</core>
<MemPortIdVec></MemPortIdVec>
<condition id="-1">
<or_exp><and_exp></and_exp></or_exp>
</condition>

<Node id="27" bw="32" op_0_bw="64">
<![CDATA[
codeRepl:20 %arrayC = alloca i64 1

]]></Node>
<StgValue><ssdm name="arrayC"/></StgValue>
</operation>

<operation id="26" st_id="1" stage="1" lat="1">
<core>NULL</core>
<MemPortIdVec></MemPortIdVec>
<condition id="-1">
<or_exp><and_exp></and_exp></or_exp>
</condition>

<Node id="28" bw="62" op_0_bw="62" op_1_bw="64" op_2_bw="32" op_3_bw="32">
<![CDATA[
codeRepl:21 %trunc_ln = partselect i62 @_ssdm_op_PartSelect.i62.i64.i32.i32, i64 %a_read, i32 2, i32 63

]]></Node>
<StgValue><ssdm name="trunc_ln"/></StgValue>
</operation>

<operation id="27" st_id="1" stage="1" lat="1">
<core>NULL</core>
<MemPortIdVec></MemPortIdVec>
<condition id="-1">
<or_exp><and_exp></and_exp></or_exp>
</condition>

<Node id="32" bw="62" op_0_bw="62" op_1_bw="64" op_2_bw="32" op_3_bw="32">
<![CDATA[
codeRepl:25 %trunc_ln15_1 = partselect i62 @_ssdm_op_PartSelect.i62.i64.i32.i32, i64 %b_read, i32 2, i32 63

]]></Node>
<StgValue><ssdm name="trunc_ln15_1"/></StgValue>
</operation>

<operation id="28" st_id="1" stage="1" lat="1">
<core>NULL</core>
<MemPortIdVec></MemPortIdVec>
<condition id="-1">
<or_exp><and_exp></and_exp></or_exp>
</condition>

<Node id="38" bw="62" op_0_bw="62" op_1_bw="64" op_2_bw="32" op_3_bw="32">
<![CDATA[
codeRepl:31 %trunc_ln1 = partselect i62 @_ssdm_op_PartSelect.i62.i64.i32.i32, i64 %c_read, i32 2, i32 63

]]></Node>
<StgValue><ssdm name="trunc_ln1"/></StgValue>
</operation>
</state>

<state id="2" st_id="2">

<operation id="29" st_id="2" stage="1" lat="1">
<core>NULL</core>
<MemPortIdVec></MemPortIdVec>
<condition id="-1">
<or_exp><and_exp></and_exp></or_exp>
</condition>

<Node id="29" bw="64" op_0_bw="62">
<![CDATA[
codeRepl:22 %sext_ln15 = sext i62 %trunc_ln

]]></Node>
<StgValue><ssdm name="sext_ln15"/></StgValue>
</operation>

<operation id="30" st_id="2" stage="1" lat="1">
<core>NULL</core>
<MemPortIdVec></MemPortIdVec>
<condition id="-1">
<or_exp><and_exp></and_exp></or_exp>
</condition>

<Node id="30" bw="32" op_0_bw="32" op_1_bw="64">
<![CDATA[
codeRepl:23 %DATA1_addr = getelementptr i32 %DATA1, i64 %sext_ln15

]]></Node>
<StgValue><ssdm name="DATA1_addr"/></StgValue>
</operation>

<operation id="31" st_id="2" stage="7" lat="7">
<core>m_axi</core>
<MemPortIdVec></MemPortIdVec>
<condition id="-1">
<or_exp><and_exp></and_exp></or_exp>
</condition>

<Node id="31" bw="1" op_0_bw="1" op_1_bw="32" op_2_bw="32">
<![CDATA[
codeRepl:24 %empty = readreq i1 @_ssdm_op_ReadReq.m_axi.p1i32, i32 %DATA1_addr, i32 1024

]]></Node>
<StgValue><ssdm name="empty"/></StgValue>
</operation>

<operation id="32" st_id="2" stage="1" lat="1">
<core>NULL</core>
<MemPortIdVec></MemPortIdVec>
<condition id="-1">
<or_exp><and_exp></and_exp></or_exp>
</condition>

<Node id="33" bw="64" op_0_bw="62">
<![CDATA[
codeRepl:26 %sext_ln15_1 = sext i62 %trunc_ln15_1

]]></Node>
<StgValue><ssdm name="sext_ln15_1"/></StgValue>
</operation>

<operation id="33" st_id="2" stage="1" lat="1">
<core>NULL</core>
<MemPortIdVec></MemPortIdVec>
<condition id="-1">
<or_exp><and_exp></and_exp></or_exp>
</condition>

<Node id="34" bw="32" op_0_bw="32" op_1_bw="64">
<![CDATA[
codeRepl:27 %DATA2_addr = getelementptr i32 %DATA2, i64 %sext_ln15_1

]]></Node>
<StgValue><ssdm name="DATA2_addr"/></StgValue>
</operation>

<operation id="34" st_id="2" stage="7" lat="7">
<core>m_axi</core>
<MemPortIdVec></MemPortIdVec>
<condition id="-1">
<or_exp><and_exp></and_exp></or_exp>
</condition>

<Node id="35" bw="1" op_0_bw="1" op_1_bw="32" op_2_bw="32">
<![CDATA[
codeRepl:28 %empty_22 = readreq i1 @_ssdm_op_ReadReq.m_axi.p1i32, i32 %DATA2_addr, i32 1024

]]></Node>
<StgValue><ssdm name="empty_22"/></StgValue>
</operation>
</state>

<state id="3" st_id="3">

<operation id="35" st_id="3" stage="6" lat="7">
<core>m_axi</core>
<MemPortIdVec></MemPortIdVec>
<condition id="-1">
<or_exp><and_exp></and_exp></or_exp>
</condition>

<Node id="31" bw="1" op_0_bw="1" op_1_bw="32" op_2_bw="32">
<![CDATA[
codeRepl:24 %empty = readreq i1 @_ssdm_op_ReadReq.m_axi.p1i32, i32 %DATA1_addr, i32 1024

]]></Node>
<StgValue><ssdm name="empty"/></StgValue>
</operation>

<operation id="36" st_id="3" stage="6" lat="7">
<core>m_axi</core>
<MemPortIdVec></MemPortIdVec>
<condition id="-1">
<or_exp><and_exp></and_exp></or_exp>
</condition>

<Node id="35" bw="1" op_0_bw="1" op_1_bw="32" op_2_bw="32">
<![CDATA[
codeRepl:28 %empty_22 = readreq i1 @_ssdm_op_ReadReq.m_axi.p1i32, i32 %DATA2_addr, i32 1024

]]></Node>
<StgValue><ssdm name="empty_22"/></StgValue>
</operation>
</state>

<state id="4" st_id="4">

<operation id="37" st_id="4" stage="5" lat="7">
<core>m_axi</core>
<MemPortIdVec></MemPortIdVec>
<condition id="-1">
<or_exp><and_exp></and_exp></or_exp>
</condition>

<Node id="31" bw="1" op_0_bw="1" op_1_bw="32" op_2_bw="32">
<![CDATA[
codeRepl:24 %empty = readreq i1 @_ssdm_op_ReadReq.m_axi.p1i32, i32 %DATA1_addr, i32 1024

]]></Node>
<StgValue><ssdm name="empty"/></StgValue>
</operation>

<operation id="38" st_id="4" stage="5" lat="7">
<core>m_axi</core>
<MemPortIdVec></MemPortIdVec>
<condition id="-1">
<or_exp><and_exp></and_exp></or_exp>
</condition>

<Node id="35" bw="1" op_0_bw="1" op_1_bw="32" op_2_bw="32">
<![CDATA[
codeRepl:28 %empty_22 = readreq i1 @_ssdm_op_ReadReq.m_axi.p1i32, i32 %DATA2_addr, i32 1024

]]></Node>
<StgValue><ssdm name="empty_22"/></StgValue>
</operation>
</state>

<state id="5" st_id="5">

<operation id="39" st_id="5" stage="4" lat="7">
<core>m_axi</core>
<MemPortIdVec></MemPortIdVec>
<condition id="-1">
<or_exp><and_exp></and_exp></or_exp>
</condition>

<Node id="31" bw="1" op_0_bw="1" op_1_bw="32" op_2_bw="32">
<![CDATA[
codeRepl:24 %empty = readreq i1 @_ssdm_op_ReadReq.m_axi.p1i32, i32 %DATA1_addr, i32 1024

]]></Node>
<StgValue><ssdm name="empty"/></StgValue>
</operation>

<operation id="40" st_id="5" stage="4" lat="7">
<core>m_axi</core>
<MemPortIdVec></MemPortIdVec>
<condition id="-1">
<or_exp><and_exp></and_exp></or_exp>
</condition>

<Node id="35" bw="1" op_0_bw="1" op_1_bw="32" op_2_bw="32">
<![CDATA[
codeRepl:28 %empty_22 = readreq i1 @_ssdm_op_ReadReq.m_axi.p1i32, i32 %DATA2_addr, i32 1024

]]></Node>
<StgValue><ssdm name="empty_22"/></StgValue>
</operation>
</state>

<state id="6" st_id="6">

<operation id="41" st_id="6" stage="3" lat="7">
<core>m_axi</core>
<MemPortIdVec></MemPortIdVec>
<condition id="-1">
<or_exp><and_exp></and_exp></or_exp>
</condition>

<Node id="31" bw="1" op_0_bw="1" op_1_bw="32" op_2_bw="32">
<![CDATA[
codeRepl:24 %empty = readreq i1 @_ssdm_op_ReadReq.m_axi.p1i32, i32 %DATA1_addr, i32 1024

]]></Node>
<StgValue><ssdm name="empty"/></StgValue>
</operation>

<operation id="42" st_id="6" stage="3" lat="7">
<core>m_axi</core>
<MemPortIdVec></MemPortIdVec>
<condition id="-1">
<or_exp><and_exp></and_exp></or_exp>
</condition>

<Node id="35" bw="1" op_0_bw="1" op_1_bw="32" op_2_bw="32">
<![CDATA[
codeRepl:28 %empty_22 = readreq i1 @_ssdm_op_ReadReq.m_axi.p1i32, i32 %DATA2_addr, i32 1024

]]></Node>
<StgValue><ssdm name="empty_22"/></StgValue>
</operation>
</state>

<state id="7" st_id="7">

<operation id="43" st_id="7" stage="2" lat="7">
<core>m_axi</core>
<MemPortIdVec></MemPortIdVec>
<condition id="-1">
<or_exp><and_exp></and_exp></or_exp>
</condition>

<Node id="31" bw="1" op_0_bw="1" op_1_bw="32" op_2_bw="32">
<![CDATA[
codeRepl:24 %empty = readreq i1 @_ssdm_op_ReadReq.m_axi.p1i32, i32 %DATA1_addr, i32 1024

]]></Node>
<StgValue><ssdm name="empty"/></StgValue>
</operation>

<operation id="44" st_id="7" stage="2" lat="7">
<core>m_axi</core>
<MemPortIdVec></MemPortIdVec>
<condition id="-1">
<or_exp><and_exp></and_exp></or_exp>
</condition>

<Node id="35" bw="1" op_0_bw="1" op_1_bw="32" op_2_bw="32">
<![CDATA[
codeRepl:28 %empty_22 = readreq i1 @_ssdm_op_ReadReq.m_axi.p1i32, i32 %DATA2_addr, i32 1024

]]></Node>
<StgValue><ssdm name="empty_22"/></StgValue>
</operation>
</state>

<state id="8" st_id="8">

<operation id="45" st_id="8" stage="1" lat="7">
<core>m_axi</core>
<MemPortIdVec></MemPortIdVec>
<condition id="-1">
<or_exp><and_exp></and_exp></or_exp>
</condition>

<Node id="31" bw="1" op_0_bw="1" op_1_bw="32" op_2_bw="32">
<![CDATA[
codeRepl:24 %empty = readreq i1 @_ssdm_op_ReadReq.m_axi.p1i32, i32 %DATA1_addr, i32 1024

]]></Node>
<StgValue><ssdm name="empty"/></StgValue>
</operation>

<operation id="46" st_id="8" stage="1" lat="7">
<core>m_axi</core>
<MemPortIdVec></MemPortIdVec>
<condition id="-1">
<or_exp><and_exp></and_exp></or_exp>
</condition>

<Node id="35" bw="1" op_0_bw="1" op_1_bw="32" op_2_bw="32">
<![CDATA[
codeRepl:28 %empty_22 = readreq i1 @_ssdm_op_ReadReq.m_axi.p1i32, i32 %DATA2_addr, i32 1024

]]></Node>
<StgValue><ssdm name="empty_22"/></StgValue>
</operation>
</state>

<state id="9" st_id="9">

<operation id="47" st_id="9" stage="2" lat="2">
<core></core>
<MemPortIdVec></MemPortIdVec>
<condition id="-1">
<or_exp><and_exp></and_exp></or_exp>
</condition>

<Node id="36" bw="0" op_0_bw="0" op_1_bw="32" op_2_bw="62" op_3_bw="32" op_4_bw="62" op_5_bw="32" op_6_bw="32" op_7_bw="32" op_8_bw="0" op_9_bw="0">
<![CDATA[
codeRepl:29 %call_ln15 = call void @vector_add_Pipeline_VITIS_LOOP_15_1, i32 %DATA2, i62 %trunc_ln15_1, i32 %DATA1, i62 %trunc_ln, i32 %arrayA, i32 %arrayB, i32 %arrayC

]]></Node>
<StgValue><ssdm name="call_ln15"/></StgValue>
</operation>
</state>

<state id="10" st_id="10">

<operation id="48" st_id="10" stage="1" lat="2">
<core></core>
<MemPortIdVec></MemPortIdVec>
<condition id="-1">
<or_exp><and_exp></and_exp></or_exp>
</condition>

<Node id="36" bw="0" op_0_bw="0" op_1_bw="32" op_2_bw="62" op_3_bw="32" op_4_bw="62" op_5_bw="32" op_6_bw="32" op_7_bw="32" op_8_bw="0" op_9_bw="0">
<![CDATA[
codeRepl:29 %call_ln15 = call void @vector_add_Pipeline_VITIS_LOOP_15_1, i32 %DATA2, i62 %trunc_ln15_1, i32 %DATA1, i62 %trunc_ln, i32 %arrayA, i32 %arrayB, i32 %arrayC

]]></Node>
<StgValue><ssdm name="call_ln15"/></StgValue>
</operation>
</state>

<state id="11" st_id="11">

<operation id="49" st_id="11" stage="2" lat="2">
<core></core>
<MemPortIdVec></MemPortIdVec>
<condition id="-1">
<or_exp><and_exp></and_exp></or_exp>
</condition>

<Node id="37" bw="0" op_0_bw="0" op_1_bw="32" op_2_bw="32" op_3_bw="32" op_4_bw="0" op_5_bw="0">
<![CDATA[
codeRepl:30 %call_ln0 = call void @vector_add_Pipeline_VITIS_LOOP_22_2, i32 %arrayA, i32 %arrayB, i32 %arrayC

]]></Node>
<StgValue><ssdm name="call_ln0"/></StgValue>
</operation>
</state>

<state id="12" st_id="12">

<operation id="50" st_id="12" stage="1" lat="2">
<core></core>
<MemPortIdVec></MemPortIdVec>
<condition id="-1">
<or_exp><and_exp></and_exp></or_exp>
</condition>

<Node id="37" bw="0" op_0_bw="0" op_1_bw="32" op_2_bw="32" op_3_bw="32" op_4_bw="0" op_5_bw="0">
<![CDATA[
codeRepl:30 %call_ln0 = call void @vector_add_Pipeline_VITIS_LOOP_22_2, i32 %arrayA, i32 %arrayB, i32 %arrayC

]]></Node>
<StgValue><ssdm name="call_ln0"/></StgValue>
</operation>

<operation id="51" st_id="12" stage="1" lat="1">
<core>NULL</core>
<MemPortIdVec></MemPortIdVec>
<condition id="-1">
<or_exp><and_exp></and_exp></or_exp>
</condition>

<Node id="39" bw="64" op_0_bw="62">
<![CDATA[
codeRepl:32 %sext_ln27 = sext i62 %trunc_ln1

]]></Node>
<StgValue><ssdm name="sext_ln27"/></StgValue>
</operation>

<operation id="52" st_id="12" stage="1" lat="1">
<core>NULL</core>
<MemPortIdVec></MemPortIdVec>
<condition id="-1">
<or_exp><and_exp></and_exp></or_exp>
</condition>

<Node id="40" bw="32" op_0_bw="32" op_1_bw="64">
<![CDATA[
codeRepl:33 %DATA3_addr = getelementptr i32 %DATA3, i64 %sext_ln27

]]></Node>
<StgValue><ssdm name="DATA3_addr"/></StgValue>
</operation>

<operation id="53" st_id="12" stage="1" lat="1">
<core>m_axi</core>
<MemPortIdVec></MemPortIdVec>
<condition id="-1">
<or_exp><and_exp></and_exp></or_exp>
</condition>

<Node id="41" bw="1" op_0_bw="1" op_1_bw="32" op_2_bw="32">
<![CDATA[
codeRepl:34 %empty_23 = writereq i1 @_ssdm_op_WriteReq.m_axi.p1i32, i32 %DATA3_addr, i32 1024

]]></Node>
<StgValue><ssdm name="empty_23"/></StgValue>
</operation>
</state>

<state id="13" st_id="13">

<operation id="54" st_id="13" stage="2" lat="2">
<core></core>
<MemPortIdVec></MemPortIdVec>
<condition id="-1">
<or_exp><and_exp></and_exp></or_exp>
</condition>

<Node id="42" bw="0" op_0_bw="0" op_1_bw="32" op_2_bw="62" op_3_bw="32" op_4_bw="0" op_5_bw="0" op_6_bw="0">
<![CDATA[
codeRepl:35 %call_ln27 = call void @vector_add_Pipeline_VITIS_LOOP_27_3, i32 %DATA3, i62 %trunc_ln1, i32 %arrayC

]]></Node>
<StgValue><ssdm name="call_ln27"/></StgValue>
</operation>
</state>

<state id="14" st_id="14">

<operation id="55" st_id="14" stage="1" lat="2">
<core></core>
<MemPortIdVec></MemPortIdVec>
<condition id="-1">
<or_exp><and_exp></and_exp></or_exp>
</condition>

<Node id="42" bw="0" op_0_bw="0" op_1_bw="32" op_2_bw="62" op_3_bw="32" op_4_bw="0" op_5_bw="0" op_6_bw="0">
<![CDATA[
codeRepl:35 %call_ln27 = call void @vector_add_Pipeline_VITIS_LOOP_27_3, i32 %DATA3, i62 %trunc_ln1, i32 %arrayC

]]></Node>
<StgValue><ssdm name="call_ln27"/></StgValue>
</operation>
</state>

<state id="15" st_id="15">

<operation id="56" st_id="15" stage="5" lat="5">
<core>m_axi</core>
<MemPortIdVec></MemPortIdVec>
<condition id="-1">
<or_exp><and_exp></and_exp></or_exp>
</condition>

<Node id="43" bw="1" op_0_bw="1" op_1_bw="32" op_2_bw="0">
<![CDATA[
codeRepl:36 %empty_24 = writeresp i1 @_ssdm_op_WriteResp.m_axi.p1i32, i32 %DATA3_addr

]]></Node>
<StgValue><ssdm name="empty_24"/></StgValue>
</operation>
</state>

<state id="16" st_id="16">

<operation id="57" st_id="16" stage="4" lat="5">
<core>m_axi</core>
<MemPortIdVec></MemPortIdVec>
<condition id="-1">
<or_exp><and_exp></and_exp></or_exp>
</condition>

<Node id="43" bw="1" op_0_bw="1" op_1_bw="32" op_2_bw="0">
<![CDATA[
codeRepl:36 %empty_24 = writeresp i1 @_ssdm_op_WriteResp.m_axi.p1i32, i32 %DATA3_addr

]]></Node>
<StgValue><ssdm name="empty_24"/></StgValue>
</operation>
</state>

<state id="17" st_id="17">

<operation id="58" st_id="17" stage="3" lat="5">
<core>m_axi</core>
<MemPortIdVec></MemPortIdVec>
<condition id="-1">
<or_exp><and_exp></and_exp></or_exp>
</condition>

<Node id="43" bw="1" op_0_bw="1" op_1_bw="32" op_2_bw="0">
<![CDATA[
codeRepl:36 %empty_24 = writeresp i1 @_ssdm_op_WriteResp.m_axi.p1i32, i32 %DATA3_addr

]]></Node>
<StgValue><ssdm name="empty_24"/></StgValue>
</operation>
</state>

<state id="18" st_id="18">

<operation id="59" st_id="18" stage="2" lat="5">
<core>m_axi</core>
<MemPortIdVec></MemPortIdVec>
<condition id="-1">
<or_exp><and_exp></and_exp></or_exp>
</condition>

<Node id="43" bw="1" op_0_bw="1" op_1_bw="32" op_2_bw="0">
<![CDATA[
codeRepl:36 %empty_24 = writeresp i1 @_ssdm_op_WriteResp.m_axi.p1i32, i32 %DATA3_addr

]]></Node>
<StgValue><ssdm name="empty_24"/></StgValue>
</operation>
</state>

<state id="19" st_id="19">

<operation id="60" st_id="19" stage="1" lat="1">
<core>NULL</core>
<MemPortIdVec></MemPortIdVec>
<condition id="-1">
<or_exp><and_exp></and_exp></or_exp>
</condition>

<Node id="7" bw="0" op_0_bw="0" op_1_bw="32">
<![CDATA[
codeRepl:0 %specbitsmap_ln0 = specbitsmap void @_ssdm_op_SpecBitsMap, i32 0

]]></Node>
<StgValue><ssdm name="specbitsmap_ln0"/></StgValue>
</operation>

<operation id="61" st_id="19" stage="1" lat="1">
<core>NULL</core>
<MemPortIdVec></MemPortIdVec>
<condition id="-1">
<or_exp><and_exp></and_exp></or_exp>
</condition>

<Node id="8" bw="0" op_0_bw="0" op_1_bw="0">
<![CDATA[
codeRepl:1 %spectopmodule_ln0 = spectopmodule void @_ssdm_op_SpecTopModule, void @empty_13

]]></Node>
<StgValue><ssdm name="spectopmodule_ln0"/></StgValue>
</operation>

<operation id="62" st_id="19" stage="1" lat="1">
<core>NULL</core>
<MemPortIdVec></MemPortIdVec>
<condition id="-1">
<or_exp><and_exp></and_exp></or_exp>
</condition>

<Node id="9" bw="0" op_0_bw="0" op_1_bw="32" op_2_bw="0" op_3_bw="32" op_4_bw="32" op_5_bw="0" op_6_bw="32" op_7_bw="32" op_8_bw="0" op_9_bw="0" op_10_bw="0" op_11_bw="32" op_12_bw="32" op_13_bw="32" op_14_bw="32" op_15_bw="0" op_16_bw="0">
<![CDATA[
codeRepl:2 %specinterface_ln0 = specinterface void @_ssdm_op_SpecInterface, i32 %DATA1, void @empty, i32 0, i32 0, void @empty_0, i32 0, i32 0, void @empty_1, void @empty_2, void @empty_0, i32 16, i32 16, i32 16, i32 16, void @empty_0, void @empty_0

]]></Node>
<StgValue><ssdm name="specinterface_ln0"/></StgValue>
</operation>

<operation id="63" st_id="19" stage="1" lat="1">
<core>NULL</core>
<MemPortIdVec></MemPortIdVec>
<condition id="-1">
<or_exp><and_exp></and_exp></or_exp>
</condition>

<Node id="10" bw="0" op_0_bw="0" op_1_bw="32">
<![CDATA[
codeRepl:3 %specbitsmap_ln0 = specbitsmap void @_ssdm_op_SpecBitsMap, i32 %DATA1

]]></Node>
<StgValue><ssdm name="specbitsmap_ln0"/></StgValue>
</operation>

<operation id="64" st_id="19" stage="1" lat="1">
<core>NULL</core>
<MemPortIdVec></MemPortIdVec>
<condition id="-1">
<or_exp><and_exp></and_exp></or_exp>
</condition>

<Node id="11" bw="0" op_0_bw="0" op_1_bw="32" op_2_bw="0" op_3_bw="32" op_4_bw="32" op_5_bw="0" op_6_bw="32" op_7_bw="32" op_8_bw="0" op_9_bw="0" op_10_bw="0" op_11_bw="32" op_12_bw="32" op_13_bw="32" op_14_bw="32" op_15_bw="0" op_16_bw="0">
<![CDATA[
codeRepl:4 %specinterface_ln0 = specinterface void @_ssdm_op_SpecInterface, i32 %DATA2, void @empty, i32 0, i32 0, void @empty_0, i32 0, i32 0, void @empty_3, void @empty_2, void @empty_0, i32 16, i32 16, i32 16, i32 16, void @empty_0, void @empty_0

]]></Node>
<StgValue><ssdm name="specinterface_ln0"/></StgValue>
</operation>

<operation id="65" st_id="19" stage="1" lat="1">
<core>NULL</core>
<MemPortIdVec></MemPortIdVec>
<condition id="-1">
<or_exp><and_exp></and_exp></or_exp>
</condition>

<Node id="12" bw="0" op_0_bw="0" op_1_bw="32">
<![CDATA[
codeRepl:5 %specbitsmap_ln0 = specbitsmap void @_ssdm_op_SpecBitsMap, i32 %DATA2

]]></Node>
<StgValue><ssdm name="specbitsmap_ln0"/></StgValue>
</operation>

<operation id="66" st_id="19" stage="1" lat="1">
<core>NULL</core>
<MemPortIdVec></MemPortIdVec>
<condition id="-1">
<or_exp><and_exp></and_exp></or_exp>
</condition>

<Node id="13" bw="0" op_0_bw="0" op_1_bw="32" op_2_bw="0" op_3_bw="32" op_4_bw="32" op_5_bw="0" op_6_bw="32" op_7_bw="32" op_8_bw="0" op_9_bw="0" op_10_bw="0" op_11_bw="32" op_12_bw="32" op_13_bw="32" op_14_bw="32" op_15_bw="0" op_16_bw="0">
<![CDATA[
codeRepl:6 %specinterface_ln0 = specinterface void @_ssdm_op_SpecInterface, i32 %DATA3, void @empty, i32 0, i32 0, void @empty_0, i32 0, i32 0, void @empty_4, void @empty_2, void @empty_0, i32 16, i32 16, i32 16, i32 16, void @empty_0, void @empty_0

]]></Node>
<StgValue><ssdm name="specinterface_ln0"/></StgValue>
</operation>

<operation id="67" st_id="19" stage="1" lat="1">
<core>NULL</core>
<MemPortIdVec></MemPortIdVec>
<condition id="-1">
<or_exp><and_exp></and_exp></or_exp>
</condition>

<Node id="14" bw="0" op_0_bw="0" op_1_bw="32">
<![CDATA[
codeRepl:7 %specbitsmap_ln0 = specbitsmap void @_ssdm_op_SpecBitsMap, i32 %DATA3

]]></Node>
<StgValue><ssdm name="specbitsmap_ln0"/></StgValue>
</operation>

<operation id="68" st_id="19" stage="1" lat="1">
<core>NULL</core>
<MemPortIdVec></MemPortIdVec>
<condition id="-1">
<or_exp><and_exp></and_exp></or_exp>
</condition>

<Node id="15" bw="0" op_0_bw="0" op_1_bw="64" op_2_bw="0" op_3_bw="32" op_4_bw="32" op_5_bw="0" op_6_bw="32" op_7_bw="32" op_8_bw="0" op_9_bw="0" op_10_bw="0" op_11_bw="32" op_12_bw="32" op_13_bw="32" op_14_bw="32" op_15_bw="0" op_16_bw="0">
<![CDATA[
codeRepl:8 %specinterface_ln0 = specinterface void @_ssdm_op_SpecInterface, i64 %a, void @empty_5, i32 0, i32 0, void @empty_0, i32 0, i32 0, void @empty_6, void @empty_7, void @empty_0, i32 0, i32 0, i32 0, i32 0, void @empty_0, void @empty_8

]]></Node>
<StgValue><ssdm name="specinterface_ln0"/></StgValue>
</operation>

<operation id="69" st_id="19" stage="1" lat="1">
<core>NULL</core>
<MemPortIdVec></MemPortIdVec>
<condition id="-1">
<or_exp><and_exp></and_exp></or_exp>
</condition>

<Node id="16" bw="0" op_0_bw="0" op_1_bw="64" op_2_bw="0" op_3_bw="32" op_4_bw="32" op_5_bw="0" op_6_bw="32" op_7_bw="32" op_8_bw="0" op_9_bw="0" op_10_bw="0" op_11_bw="32" op_12_bw="32" op_13_bw="32" op_14_bw="32" op_15_bw="0" op_16_bw="0">
<![CDATA[
codeRepl:9 %specinterface_ln0 = specinterface void @_ssdm_op_SpecInterface, i64 %a, void @empty_9, i32 0, i32 0, void @empty_0, i32 0, i32 0, void @empty_0, void @empty_0, void @empty_0, i32 0, i32 0, i32 0, i32 0, void @empty_0, void @empty_8

]]></Node>
<StgValue><ssdm name="specinterface_ln0"/></StgValue>
</operation>

<operation id="70" st_id="19" stage="1" lat="1">
<core>NULL</core>
<MemPortIdVec></MemPortIdVec>
<condition id="-1">
<or_exp><and_exp></and_exp></or_exp>
</condition>

<Node id="17" bw="0" op_0_bw="0" op_1_bw="64" op_2_bw="0" op_3_bw="32" op_4_bw="32" op_5_bw="0" op_6_bw="32" op_7_bw="32" op_8_bw="0" op_9_bw="0" op_10_bw="0" op_11_bw="32" op_12_bw="32" op_13_bw="32" op_14_bw="32" op_15_bw="0" op_16_bw="0">
<![CDATA[
codeRepl:10 %specinterface_ln0 = specinterface void @_ssdm_op_SpecInterface, i64 %b, void @empty_5, i32 0, i32 0, void @empty_0, i32 0, i32 0, void @empty_6, void @empty_10, void @empty_0, i32 0, i32 0, i32 0, i32 0, void @empty_0, void @empty_8

]]></Node>
<StgValue><ssdm name="specinterface_ln0"/></StgValue>
</operation>

<operation id="71" st_id="19" stage="1" lat="1">
<core>NULL</core>
<MemPortIdVec></MemPortIdVec>
<condition id="-1">
<or_exp><and_exp></and_exp></or_exp>
</condition>

<Node id="18" bw="0" op_0_bw="0" op_1_bw="64" op_2_bw="0" op_3_bw="32" op_4_bw="32" op_5_bw="0" op_6_bw="32" op_7_bw="32" op_8_bw="0" op_9_bw="0" op_10_bw="0" op_11_bw="32" op_12_bw="32" op_13_bw="32" op_14_bw="32" op_15_bw="0" op_16_bw="0">
<![CDATA[
codeRepl:11 %specinterface_ln0 = specinterface void @_ssdm_op_SpecInterface, i64 %b, void @empty_9, i32 0, i32 0, void @empty_0, i32 0, i32 0, void @empty_0, void @empty_0, void @empty_0, i32 0, i32 0, i32 0, i32 0, void @empty_0, void @empty_8

]]></Node>
<StgValue><ssdm name="specinterface_ln0"/></StgValue>
</operation>

<operation id="72" st_id="19" stage="1" lat="1">
<core>NULL</core>
<MemPortIdVec></MemPortIdVec>
<condition id="-1">
<or_exp><and_exp></and_exp></or_exp>
</condition>

<Node id="19" bw="0" op_0_bw="0" op_1_bw="64" op_2_bw="0" op_3_bw="32" op_4_bw="32" op_5_bw="0" op_6_bw="32" op_7_bw="32" op_8_bw="0" op_9_bw="0" op_10_bw="0" op_11_bw="32" op_12_bw="32" op_13_bw="32" op_14_bw="32" op_15_bw="0" op_16_bw="0">
<![CDATA[
codeRepl:12 %specinterface_ln0 = specinterface void @_ssdm_op_SpecInterface, i64 %c, void @empty_5, i32 0, i32 0, void @empty_0, i32 0, i32 0, void @empty_6, void @empty_11, void @empty_0, i32 0, i32 0, i32 0, i32 0, void @empty_0, void @empty_8

]]></Node>
<StgValue><ssdm name="specinterface_ln0"/></StgValue>
</operation>

<operation id="73" st_id="19" stage="1" lat="1">
<core>NULL</core>
<MemPortIdVec></MemPortIdVec>
<condition id="-1">
<or_exp><and_exp></and_exp></or_exp>
</condition>

<Node id="20" bw="0" op_0_bw="0" op_1_bw="64" op_2_bw="0" op_3_bw="32" op_4_bw="32" op_5_bw="0" op_6_bw="32" op_7_bw="32" op_8_bw="0" op_9_bw="0" op_10_bw="0" op_11_bw="32" op_12_bw="32" op_13_bw="32" op_14_bw="32" op_15_bw="0" op_16_bw="0">
<![CDATA[
codeRepl:13 %specinterface_ln0 = specinterface void @_ssdm_op_SpecInterface, i64 %c, void @empty_9, i32 0, i32 0, void @empty_0, i32 0, i32 0, void @empty_0, void @empty_0, void @empty_0, i32 0, i32 0, i32 0, i32 0, void @empty_0, void @empty_8

]]></Node>
<StgValue><ssdm name="specinterface_ln0"/></StgValue>
</operation>

<operation id="74" st_id="19" stage="1" lat="1">
<core>NULL</core>
<MemPortIdVec></MemPortIdVec>
<condition id="-1">
<or_exp><and_exp></and_exp></or_exp>
</condition>

<Node id="21" bw="0" op_0_bw="0" op_1_bw="32" op_2_bw="0" op_3_bw="32" op_4_bw="32" op_5_bw="0" op_6_bw="32" op_7_bw="32" op_8_bw="0" op_9_bw="0" op_10_bw="0" op_11_bw="32" op_12_bw="32" op_13_bw="32" op_14_bw="32" op_15_bw="0" op_16_bw="0">
<![CDATA[
codeRepl:14 %specinterface_ln0 = specinterface void @_ssdm_op_SpecInterface, i32 0, void @empty_5, i32 0, i32 0, void @empty_0, i32 0, i32 0, void @empty_12, void @empty_7, void @empty_0, i32 0, i32 0, i32 0, i32 0, void @empty_0, void @empty_0

]]></Node>
<StgValue><ssdm name="specinterface_ln0"/></StgValue>
</operation>

<operation id="75" st_id="19" stage="1" lat="5">
<core>m_axi</core>
<MemPortIdVec></MemPortIdVec>
<condition id="-1">
<or_exp><and_exp></and_exp></or_exp>
</condition>

<Node id="43" bw="1" op_0_bw="1" op_1_bw="32" op_2_bw="0">
<![CDATA[
codeRepl:36 %empty_24 = writeresp i1 @_ssdm_op_WriteResp.m_axi.p1i32, i32 %DATA3_addr

]]></Node>
<StgValue><ssdm name="empty_24"/></StgValue>
</operation>

<operation id="76" st_id="19" stage="1" lat="1">
<core>NULL</core>
<MemPortIdVec></MemPortIdVec>
<condition id="-1">
<or_exp><and_exp></and_exp></or_exp>
</condition>

<Node id="44" bw="0" op_0_bw="32">
<![CDATA[
codeRepl:37 %ret_ln31 = ret i32 0

]]></Node>
<StgValue><ssdm name="ret_ln31"/></StgValue>
</operation>
</state>
</state_list>


<ports>
</ports>


<dataflows>
</dataflows>


</stg>
